Tên trường,Link đề án,Địa chỉ
KHA - Đại Học Kinh Tế Quốc Dân,https://diemthi.tuyensinh247.com/de-an-tuyen-sinh/dai-hoc-kinh-te-quoc-dan-KHA.html,Hà Nội
BKA - Đại Học Bách Khoa Hà Nội,https://diemthi.tuyensinh247.com/de-an-tuyen-sinh/dai-hoc-bach-khoa-ha-noi-BKA.html,Hà Nội
HTC - Học Viện Tài chính,https://diemthi.tuyensinh247.com/de-an-tuyen-sinh/hoc-vien-tai-chinh-HTC.html,Hà Nội
NHH - Học Viện Ngân Hàng,https://diemthi.tuyensinh247.com/de-an-tuyen-sinh/hoc-vien-ngan-hang-NHH.html,Hà Nội
NTH - Trường Đại học Ngoại thương,https://diemthi.tuyensinh247.com/de-an-tuyen-sinh/dai-hoc-ngoai-thuong-co-so-phia-bac-NTH.html,Hà Nội
QSB - Trường Đại Học Bách Khoa HCM,https://diemthi.tuyensinh247.com/de-an-tuyen-sinh/dai-hoc-bach-khoa-hcm-QSB.html,HCM - Hồ Chí Minh
YHB - Trường Đại Học Y Hà Nội,https://diemthi.tuyensinh247.com/de-an-tuyen-sinh/dai-hoc-y-ha-noi-YHB.html,Hà Nội
BVH - Học Viện Công Nghệ Bưu Chính Viễn Thông,https://diemthi.tuyensinh247.com/de-an-tuyen-sinh/hoc-vien-cong-nghe-buu-chinh-vien-thong-phia-bac-BVH.html,Hà Nội
SPH - Trường Đại Học Sư Phạm Hà Nội,https://diemthi.tuyensinh247.com/de-an-tuyen-sinh/dai-hoc-su-pham-ha-noi-SPH.html,Hà Nội
TMU - Trường Đại Học Thương Mại,https://diemthi.tuyensinh247.com/de-an-tuyen-sinh/dai-hoc-thuong-mai-TMU.html,Hà Nội
SPS - Trường Đại Học Sư Phạm TPHCM,https://diemthi.tuyensinh247.com/de-an-tuyen-sinh/dai-hoc-su-pham-tphcm-SPS.html,HCM - Hồ Chí Minh
YDS - Đại Học Y Dược TPHCM,https://diemthi.tuyensinh247.com/de-an-tuyen-sinh/dai-hoc-y-duoc-tphcm-YDS.html,HCM - Hồ Chí Minh
QHI - Trường Đại Học Công Nghệ – Đại Học Quốc Gia Hà Nội,https://diemthi.tuyensinh247.com/de-an-tuyen-sinh/dai-hoc-cong-nghe-dai-hoc-quoc-gia-ha-noi-QHI.html,Hà Nội
HNM - Trường Đại học Thủ Đô Hà Nội,https://diemthi.tuyensinh247.com/de-an-tuyen-sinh/dai-hoc-thu-do-ha-noi-HNM.html,Hà Nội
GHA - Trường Đại Học Giao Thông Vận Tải,https://diemthi.tuyensinh247.com/de-an-tuyen-sinh/dai-hoc-giao-thong-van-tai-co-so-phia-bac-GHA.html,Hà Nội
YTB - Trường Đại Học Y Dược Thái Bình,https://diemthi.tuyensinh247.com/de-an-tuyen-sinh/dai-hoc-y-duoc-thai-binh-YTB.html,Thái Bình
KMA - Học Viện Kỹ Thuật Mật Mã,https://diemthi.tuyensinh247.com/de-an-tuyen-sinh/hoc-vien-ky-thuat-mat-ma-KMA.html,Hà Nội
DCN - Đại Học Công Nghiệp Hà Nội,https://diemthi.tuyensinh247.com/de-an-tuyen-sinh/dai-hoc-cong-nghiep-ha-noi-DCN.html,Hà Nội
YPB - Trường Đại Học Y Dược Hải Phòng,https://diemthi.tuyensinh247.com/de-an-tuyen-sinh/dai-hoc-y-duoc-hai-phong-YPB.html,Hải Phòng
IUH - Trường Đại Học Công Nghiệp TPHCM,https://diemthi.tuyensinh247.com/de-an-tuyen-sinh/dai-hoc-cong-nghiep-tphcm-IUH.html,Hồ Chí Minh
HPN - Học Viện Phụ Nữ Việt Nam,https://diemthi.tuyensinh247.com/de-an-tuyen-sinh/hoc-vien-phu-nu-viet-nam-HPN.html,Hà Nội
DKH - Trường Đại Học Dược Hà Nội,https://diemthi.tuyensinh247.com/de-an-tuyen-sinh/dai-hoc-duoc-ha-noi-DKH.html,Hà Nội
ANH - Học Viện An Ninh Nhân Dân,https://diemthi.tuyensinh247.com/de-an-tuyen-sinh/hoc-vien-an-ninh-nhan-dan-ANH.html,Hà Nội
DKY - Trường Đại Học Kỹ Thuật Y Tế Hải Dương,https://diemthi.tuyensinh247.com/de-an-tuyen-sinh/dai-hoc-ky-thuat-y-te-hai-duong-DKY.html,Hải Dương
GTS - Trường Đại Học Giao Thông Vận Tải TPHCM,https://diemthi.tuyensinh247.com/de-an-tuyen-sinh/dai-hoc-giao-thong-van-tai-tphcm-GTS.html,HCM - Hồ Chí Minh
HYD - Học Viện Y Dược Học Cổ Truyền Việt Nam,https://diemthi.tuyensinh247.com/de-an-tuyen-sinh/hoc-vien-y-duoc-hoc-co-truyen-viet-nam-HYD.html,Hà Nội
CSH - Học Viện Cảnh Sát Nhân Dân,https://diemthi.tuyensinh247.com/de-an-tuyen-sinh/hoc-vien-canh-sat-nhan-dan-CSH.html,Hà Nội
DKK - Trường Đại Học Kinh Tế Kỹ Thuật Công Nghiệp,https://diemthi.tuyensinh247.com/de-an-tuyen-sinh/dai-hoc-kinh-te-ky-thuat-cong-nghiep-DKK.html,Hà Nội
DCT - Trường Đại Học Công Thương TPHCM,https://diemthi.tuyensinh247.com/de-an-tuyen-sinh/dai-hoc-cong-thuong-tphcm-DCT.html,Hồ Chí Minh
LAH - Trường Sĩ Quan Lục Quân 1 - Đại học Trần Quốc Tuấn,https://diemthi.tuyensinh247.com/de-an-tuyen-sinh/truong-si-quan-luc-quan-1-dai-hoc-tran-quoc-tuan-LAH.html,Hà Nội
HQH - Học Viện Hải Quân,https://diemthi.tuyensinh247.com/de-an-tuyen-sinh/hoc-vien-hai-quan-HQH.html,Khánh Hòa
HHK - Học Viện Hàng không Việt Nam,https://diemthi.tuyensinh247.com/de-an-tuyen-sinh/hoc-vien-hang-khong-viet-nam-HHK.html,Hồ Chí Minh
PKA - Đại Học Phenikaa,https://diemthi.tuyensinh247.com/de-an-tuyen-sinh/dai-hoc-phenikaa-PKA.html,Hà Nội
PKH - Học Viện Phòng Không – Không Quân,https://diemthi.tuyensinh247.com/de-an-tuyen-sinh/hoc-vien-phong-khong-khong-quan-PKH.html,Hà Nội
CSS - Trường Đại Học Cảnh Sát Nhân Dân,https://diemthi.tuyensinh247.com/de-an-tuyen-sinh/dai-hoc-canh-sat-nhan-dan-CSS.html,Hồ Chí Minh
TTH - Trường Sĩ Quan Thông Tin - Hệ Quân sự - Đại Học Thông Tin Liên Lạc,https://diemthi.tuyensinh247.com/de-an-tuyen-sinh/truong-si-quan-thong-tin-he-quan-su-dai-hoc-thong-tin-lien-lac-TTH.html,Khánh Hòa
NHF - Trường Đại Học Hà Nội,https://diemthi.tuyensinh247.com/de-an-tuyen-sinh/dai-hoc-ha-noi-NHF.html,Hà Nội
KQH - Học Viện Kỹ Thuật Quân Sự - Hệ Quân sự,https://diemthi.tuyensinh247.com/de-an-tuyen-sinh/hoc-vien-ky-thuat-quan-su-he-quan-su-KQH.html,Hà Nội
YTC - Trường Đại Học Y Tế Công Cộng,https://diemthi.tuyensinh247.com/de-an-tuyen-sinh/dai-hoc-y-te-cong-cong-YTC.html,Hà Nội
HQT - Học Viện Ngoại Giao,https://diemthi.tuyensinh247.com/de-an-tuyen-sinh/hoc-vien-ngoai-giao-HQT.html,Hà Nội
ANS - Trường Đại Học An Ninh Nhân Dân,https://diemthi.tuyensinh247.com/de-an-tuyen-sinh/dai-hoc-an-ninh-nhan-dan-ANS.html,
YCT - Trường Đại Học Y Dược Cần Thơ,https://diemthi.tuyensinh247.com/de-an-tuyen-sinh/dai-hoc-y-duoc-can-tho-YCT.html,
TDM - Trường Đại học Thủ Dầu Một,https://diemthi.tuyensinh247.com/de-an-tuyen-sinh/dai-hoc-thu-dau-mot-TDM.html,
TYS - Trường Đại Học Y Khoa Phạm Ngọc Thạch,https://diemthi.tuyensinh247.com/de-an-tuyen-sinh/dai-hoc-y-khoa-pham-ngoc-thach-TYS.html,
DTL - Trường Đại Học Thăng Long,https://diemthi.tuyensinh247.com/de-an-tuyen-sinh/dai-hoc-thang-long-DTL.html,
TLA - Trường Đại Học Thủy Lợi,https://diemthi.tuyensinh247.com/de-an-tuyen-sinh/dai-hoc-thuy-loi-co-so-1-TLA.html,
QST - Trường Đại Học Khoa Học Tự Nhiên TPHCM,https://diemthi.tuyensinh247.com/de-an-tuyen-sinh/dai-hoc-khoa-hoc-tu-nhien-tphcm-QST.html,
VHH - Trường Đại Học Văn Hóa Hà Nội,https://diemthi.tuyensinh247.com/de-an-tuyen-sinh/dai-hoc-van-hoa-ha-noi-VHH.html,
DTT - Trường Đại Học Tôn Đức Thắng,https://diemthi.tuyensinh247.com/de-an-tuyen-sinh/dai-hoc-ton-duc-thang-DTT.html,
HVN - Học Viện Nông Nghiệp Việt Nam,https://diemthi.tuyensinh247.com/de-an-tuyen-sinh/hoc-vien-nong-nghiep-viet-nam-HVN.html,
QHX - Trường Đại Học Khoa Học Xã Hội và Nhân Văn Hà Nội,https://diemthi.tuyensinh247.com/de-an-tuyen-sinh/dai-hoc-khoa-hoc-xa-hoi-va-nhan-van-ha-noi-QHX.html,
LPH - Trường Đại Học Luật Hà Nội,https://diemthi.tuyensinh247.com/de-an-tuyen-sinh/dai-hoc-luat-ha-noi-LPH.html,
QHF - Trường Đại Học Ngoại Ngữ - ĐH Quốc gia Hà Nội,https://diemthi.tuyensinh247.com/de-an-tuyen-sinh/dai-hoc-ngoai-ngu-ha-noi-QHF.html,
HBT - Học viện Báo chí và Tuyên truyền,https://diemthi.tuyensinh247.com/de-an-tuyen-sinh/hoc-vien-bao-chi-va-tuyen-truyen-HBT.html,
QHT - Trường Đại Học Khoa Học Tự Nhiên Hà Nội,https://diemthi.tuyensinh247.com/de-an-tuyen-sinh/dai-hoc-khoa-hoc-tu-nhien-dai-hoc-quoc-gia-ha-noi-QHT.html,
QHE - Trường Đại Học Kinh Tế - ĐHQG Hà Nội,https://diemthi.tuyensinh247.com/de-an-tuyen-sinh/dai-hoc-kinh-te-ha-noi-QHE.html,
QSX - Trường Đại Học Khoa Học Xã Hội và Nhân Văn TPHCM,https://diemthi.tuyensinh247.com/de-an-tuyen-sinh/dai-hoc-khoa-hoc-xa-hoi-va-nhan-van-tphcm-QSX.html,
DTS - Đại Học Sư Phạm Thái Nguyên,https://diemthi.tuyensinh247.com/de-an-tuyen-sinh/dai-hoc-su-pham-thai-nguyen-DTS.html,
LCH - Trường Sĩ Quan Chính Trị - Đại Học Chính Trị,https://diemthi.tuyensinh247.com/de-an-tuyen-sinh/truong-si-quan-chinh-tri-dai-hoc-chinh-tri-LCH.html,
TCT - Đại Học Cần Thơ,https://diemthi.tuyensinh247.com/de-an-tuyen-sinh/dai-hoc-can-tho-TCT.html,
DKS - Trường Đại học Kiểm Sát,https://diemthi.tuyensinh247.com/de-an-tuyen-sinh/dai-hoc-kiem-sat-DKS.html,Hà Nội
BPH - Học Viện Biên Phòng,https://diemthi.tuyensinh247.com/de-an-tuyen-sinh/hoc-vien-bien-phong-BPH.html,Hà Nội
QHL - Trường Đại học Luật – ĐHQG Hà Nội,https://diemthi.tuyensinh247.com/de-an-tuyen-sinh/dai-hoc-luat-dai-hoc-quoc-gia-ha-noi-QHL.html,Hà Nội
DHS - Trường Đại Học Sư Phạm Huế,https://diemthi.tuyensinh247.com/de-an-tuyen-sinh/dai-hoc-su-pham-hue-DHS.html,Huế
QSC - Trường Đại Học Công Nghệ Thông Tin - ĐHQG TPHCM,https://diemthi.tuyensinh247.com/de-an-tuyen-sinh/dai-hoc-cong-nghe-thong-tin-dhqg-tphcm-QSC.html,HCM - Hồ Chí Minh
SGD - Trường Đại Học Sài Gòn,https://diemthi.tuyensinh247.com/de-an-tuyen-sinh/dai-hoc-sai-gon-SGD.html,HCM - Hồ Chí Minh
NQH - Học Viện Khoa Học Quân Sự - Hệ Quân sự,https://diemthi.tuyensinh247.com/de-an-tuyen-sinh/hoc-vien-khoa-hoc-quan-su-he-quan-su-NQH.html,Hà Nội
NTS - Trường Đại học Ngoại thương (Cơ sở II),https://diemthi.tuyensinh247.com/de-an-tuyen-sinh/dai-hoc-ngoai-thuong-co-so-phia-nam-NTS.html,Hồ Chí Minh
HTA - Học viện Tòa án,https://diemthi.tuyensinh247.com/de-an-tuyen-sinh/hoc-vien-toa-an-HTA.html,Hà Nội
DDS - Trường Đại Học Sư Phạm - Đại Học Đà Nẵng,https://diemthi.tuyensinh247.com/de-an-tuyen-sinh/dai-hoc-su-pham-dai-hoc-da-nang-DDS.html,Đà Nẵng
SP2 - Trường Đại Học Sư Phạm Hà Nội 2,https://diemthi.tuyensinh247.com/de-an-tuyen-sinh/dai-hoc-su-pham-ha-noi-2-SP2.html,Vĩnh Phúc
QHS - Trường Đại Học Giáo Dục - ĐHQG Hà Nội,https://diemthi.tuyensinh247.com/de-an-tuyen-sinh/dai-hoc-giao-duc-ha-noi-QHS.html,Hà Nội
VHS - Trường Đại Học Văn Hóa TPHCM,https://diemthi.tuyensinh247.com/de-an-tuyen-sinh/dai-hoc-van-hoa-tphcm-VHS.html,Hồ Chí Minh
SPK - Trường Đại Học Công nghệ Kỹ thuật TP HCM,https://diemthi.tuyensinh247.com/de-an-tuyen-sinh/dai-hoc-cong-nghe-ky-thuat-tphcm-SPK.html,HCM - Hồ Chí Minh
HTN - Học Viện Thanh Thiếu Niên Việt Nam,https://diemthi.tuyensinh247.com/de-an-tuyen-sinh/hoc-vien-thanh-thieu-nien-viet-nam-HTN.html,Hà Nội
YQH - Học Viện Quân Y - Hệ Quân sự,https://diemthi.tuyensinh247.com/de-an-tuyen-sinh/hoc-vien-quan-y-he-quan-su-YQH.html,Hà Nội
QSK - Trường Đại học Kinh Tế Luật TPHCM,https://diemthi.tuyensinh247.com/de-an-tuyen-sinh/dai-hoc-kinh-te-luat-tphcm-QSK.html,HCM - Hồ Chí Minh
HEH - Học Viện Hậu Cần - Hệ Quân sự,https://diemthi.tuyensinh247.com/de-an-tuyen-sinh/hoc-vien-hau-can-he-quan-su-HEH.html,Hà Nội
LPS - Trường Đại Học Luật TPHCM,https://diemthi.tuyensinh247.com/de-an-tuyen-sinh/dai-hoc-luat-tphcm-LPS.html,Hồ Chí Minh
DDF - Trường Đại Học Ngoại Ngữ Đà Nẵng,https://diemthi.tuyensinh247.com/de-an-tuyen-sinh/dai-hoc-ngoai-ngu-da-nang-DDF.html,Đà Nẵng
KSA - Đại Học Kinh Tế TPHCM,https://diemthi.tuyensinh247.com/de-an-tuyen-sinh/dai-hoc-kinh-te-tphcm-KSA.html,HCM - Hồ Chí Minh
QHY - Trường Đại học Y Dược - ĐHQG Hà Nội,https://diemthi.tuyensinh247.com/de-an-tuyen-sinh/dai-hoc-y-duoc-dai-hoc-quoc-gia-ha-noi-QHY.html,Hà Nội
DDK - Trường Đại Học Bách Khoa Đà Nẵng,https://diemthi.tuyensinh247.com/de-an-tuyen-sinh/dai-hoc-bach-khoa-da-nang-DDK.html,Đà Nẵng
DHF - Trường Đại Học Ngoại Ngữ Huế,https://diemthi.tuyensinh247.com/de-an-tuyen-sinh/dai-hoc-ngoai-ngu-hue-DHF.html,Huế
DMS - Trường Đại Học Tài Chính Marketing,https://diemthi.tuyensinh247.com/de-an-tuyen-sinh/dai-hoc-tai-chinh-marketing-DMS.html,HCM - Hồ Chí Minh
GSA - Trường Đại Học Giao Thông Vận Tải (Cơ sở 2),https://diemthi.tuyensinh247.com/de-an-tuyen-sinh/dai-hoc-giao-thong-van-tai-co-so-phia-nam-GSA.html,HCM - Hồ Chí Minh
TSN - Trường Đại Học Nha Trang,https://diemthi.tuyensinh247.com/de-an-tuyen-sinh/dai-hoc-nha-trang-TSN.html,Khánh Hòa
LBH - Trường Sĩ Quan Lục Quân 2 - Đại học Nguyễn Huệ,https://diemthi.tuyensinh247.com/de-an-tuyen-sinh/truong-si-quan-luc-quan-2-dai-hoc-nguyen-hue-LBH.html,Đồng Nai
BVS - Học Viện Công Nghệ Bưu Chính Viễn Thông (Cơ sở TP.HCM),https://diemthi.tuyensinh247.com/de-an-tuyen-sinh/hoc-vien-cong-nghe-buu-chinh-vien-thong-phia-nam-BVS.html,Hồ Chí Minh
YKV - Trường Đại Học Y Khoa Vinh,https://diemthi.tuyensinh247.com/de-an-tuyen-sinh/dai-hoc-y-khoa-vinh-YKV.html,Nghệ An
YDN - Trường Đại học Kỹ thuật Y Dược Đà Nẵng,https://diemthi.tuyensinh247.com/de-an-tuyen-sinh/dai-hoc-ky-thuat-y-duoc-da-nang-YDN.html,Đà Nẵng
DTY - Trường Đại Học Y Dược Thái Nguyên,https://diemthi.tuyensinh247.com/de-an-tuyen-sinh/dai-hoc-y-duoc-thai-nguyen-DTY.html,Thái Nguyên
DHY - Trường Đại Học Y Dược Huế,https://diemthi.tuyensinh247.com/de-an-tuyen-sinh/dai-hoc-y-duoc-hue-DHY.html,Huế
DDY - Trường Y Dược Đà Nẵng,https://diemthi.tuyensinh247.com/de-an-tuyen-sinh/truong-y-duoc-da-nang-DDY.html,Đà Nẵng
KTS - Trường Đại Học Kiến Trúc TPHCM,https://diemthi.tuyensinh247.com/de-an-tuyen-sinh/dai-hoc-kien-truc-tphcm-KTS.html,HCM - Hồ Chí Minh
HCA - Học Viện Chính Trị Công An Nhân Dân,https://diemthi.tuyensinh247.com/de-an-tuyen-sinh/hoc-vien-chinh-tri-cong-an-nhan-dan-HCA.html,Hà Nội
QSY - Trường Đại học Khoa học sức khỏe TPHCM,https://diemthi.tuyensinh247.com/de-an-tuyen-sinh/dai-hoc-khoa-hoc-suc-khoe-tphcm-QSY.html,HCM - Hồ Chí Minh
QSQ - Trường Đại Học Quốc Tế - ĐHQG TPHCM,https://diemthi.tuyensinh247.com/de-an-tuyen-sinh/dai-hoc-quoc-te-dhqg-tphcm-QSQ.html,HCM - Hồ Chí Minh
THV - Trường Đại Học Hùng Vương,https://diemthi.tuyensinh247.com/de-an-tuyen-sinh/dai-hoc-hung-vuong-THV.html,Phú Thọ
THP - Trường Đại Học Hải Phòng,https://diemthi.tuyensinh247.com/de-an-tuyen-sinh/dai-hoc-hai-phong-THP.html,Hải Phòng
HCP - Học Viện Chính Sách và Phát Triển,https://diemthi.tuyensinh247.com/de-an-tuyen-sinh/hoc-vien-chinh-sach-va-phat-trien-HCP.html,Hà Nội
MHN - Trường Đại Học Mở Hà Nội,https://diemthi.tuyensinh247.com/de-an-tuyen-sinh/dai-hoc-mo-ha-noi-MHN.html,Hà Nội
LDA - Trường Đại Học Công Đoàn,https://diemthi.tuyensinh247.com/de-an-tuyen-sinh/dai-hoc-cong-doan-LDA.html,Hà Nội
HHA - Trường Đại Học Hàng Hải Việt Nam,https://diemthi.tuyensinh247.com/de-an-tuyen-sinh/-HHA.html,Hải Phòng
KTA - Trường Đại Học Kiến Trúc Hà Nội,https://diemthi.tuyensinh247.com/de-an-tuyen-sinh/dai-hoc-kien-truc-ha-noi-KTA.html,Hà Nội
TDV - Trường Đại Học Vinh,https://diemthi.tuyensinh247.com/de-an-tuyen-sinh/dai-hoc-vinh-TDV.html,Nghệ An
QSA - Trường Đại Học An Giang,https://diemthi.tuyensinh247.com/de-an-tuyen-sinh/dai-hoc-an-giang-QSA.html,An Giang
HCH - Học Viện Hành Chính và Quản trị công,https://diemthi.tuyensinh247.com/de-an-tuyen-sinh/hoc-vien-hanh-chinh-va-quan-tri-cong-HCH.html,Hà Nội
SPD - Trường Đại Học Đồng Tháp,https://diemthi.tuyensinh247.com/de-an-tuyen-sinh/dai-hoc-dong-thap-SPD.html,Đồng Tháp
QHK - Trường Khoa học liên ngành và Nghệ thuật Hà Nội,https://diemthi.tuyensinh247.com/de-an-tuyen-sinh/truong-khoa-hoc-lien-nganh-va-nghe-thuat-ha-noi-QHK.html,Hà Nội
TTN - Trường Đại Học Tây Nguyên,https://diemthi.tuyensinh247.com/de-an-tuyen-sinh/dai-hoc-tay-nguyen-TTN.html,Đắk Lắk
DQN - Trường Đại Học Quy Nhơn,https://diemthi.tuyensinh247.com/de-an-tuyen-sinh/dai-hoc-quy-nhon-DQN.html,Bình Định
DHC - Khoa Giáo Dục Thể Chất Huế,https://diemthi.tuyensinh247.com/de-an-tuyen-sinh/khoa-giao-duc-the-chat-hue-DHC.html,Huế
GNT - Trường Đại Học Sư Phạm Nghệ Thuật Trung Ương,https://diemthi.tuyensinh247.com/de-an-tuyen-sinh/dai-hoc-su-pham-nghe-thuat-trung-uong-GNT.html,Hà Nội
DDQ - Trường Đại Học Kinh Tế – Đại Học Đà Nẵng,https://diemthi.tuyensinh247.com/de-an-tuyen-sinh/dai-hoc-kinh-te-dai-hoc-da-nang-DDQ.html,Đà Nẵng
DTF - Trường Ngoại Ngữ Thái Nguyên,https://diemthi.tuyensinh247.com/de-an-tuyen-sinh/truong-ngoai-ngu-thai-nguyen-DTF.html,Thái Nguyên
HLU - Trường Đại Học Hạ Long,https://diemthi.tuyensinh247.com/de-an-tuyen-sinh/dai-hoc-ha-long-HLU.html,Quảng Ninh
DKT - Trường Đại Học Hải Dương,https://diemthi.tuyensinh247.com/de-an-tuyen-sinh/dai-hoc-hai-duong-DKT.html,Hải Dương
DQB - Trường Đại Học Quảng Bình,https://diemthi.tuyensinh247.com/de-an-tuyen-sinh/dai-hoc-quang-binh-DQB.html,Quảng Bình
DPQ - Trường Đại Học Phạm Văn Đồng,https://diemthi.tuyensinh247.com/de-an-tuyen-sinh/dai-hoc-pham-van-dong-DPQ.html,Quảng Ngãi
HHT - Trường Đại Học Hà Tĩnh,https://diemthi.tuyensinh247.com/de-an-tuyen-sinh/dai-hoc-ha-tinh-HHT.html,Hà Tĩnh
DMT - Trường Đại học Tài Nguyên và Môi Trường Hà Nội,https://diemthi.tuyensinh247.com/de-an-tuyen-sinh/dai-hoc-tai-nguyen-va-moi-truong-ha-noi-DMT.html,Hà Nội
HCS - Học Viện Hành Chính Và Quản Trị Công (phía Nam),https://diemthi.tuyensinh247.com/de-an-tuyen-sinh/hoc-vien-hanh-chinh-va-quan-tri-cong-phia-nam-HCS.html,Hồ Chí Minh
NHS - Trường Đại Học Ngân Hàng TPHCM,https://diemthi.tuyensinh247.com/de-an-tuyen-sinh/dai-hoc-ngan-hang-tphcm-NHS.html,Hồ Chí Minh
DLX - Trường Đại Học Lao Động – Xã Hội,https://diemthi.tuyensinh247.com/de-an-tuyen-sinh/dai-hoc-lao-dong-xa-hoi-co-so-ha-noi-DLX.html,Hà Nội
DBL - Trường Đại Học Bạc Liêu,https://diemthi.tuyensinh247.com/de-an-tuyen-sinh/dai-hoc-bac-lieu-DBL.html,Bạc Liêu
DQU - Trường Đại Học Quảng Nam,https://diemthi.tuyensinh247.com/de-an-tuyen-sinh/dai-hoc-quang-nam-DQU.html,Quảng Nam
DLS - Trường Đại Học Lao Động – Xã Hội (Cơ sở II),https://diemthi.tuyensinh247.com/de-an-tuyen-sinh/dai-hoc-lao-dong-xa-hoi-co-so-phia-nam-DLS.html,Hồ Chí Minh
DPY - Trường Đại Học Phú Yên,https://diemthi.tuyensinh247.com/de-an-tuyen-sinh/dai-hoc-phu-yen-DPY.html,Phú Yên
DDP - Phân Hiệu Đại Học Đà Nẵng tại Kon Tum,https://diemthi.tuyensinh247.com/de-an-tuyen-sinh/phan-hieu-dai-hoc-da-nang-tai-kon-tum-DDP.html,Kon Tum
TDH - Trường Đại Học Sư Phạm Thể Dục Thể Thao Hà Nội,https://diemthi.tuyensinh247.com/de-an-tuyen-sinh/dai-hoc-su-pham-the-duc-the-thao-ha-noi-TDH.html,Hà Nội
KCC - Trường Đại học Kỹ Thuật Công Nghệ Cần Thơ,https://diemthi.tuyensinh247.com/de-an-tuyen-sinh/dai-hoc-ky-thuat-cong-nghe-can-tho-KCC.html,Cần Thơ
QHQ - Trường Quốc Tế  - ĐHQG Hà Nội,https://diemthi.tuyensinh247.com/de-an-tuyen-sinh/truong-quoc-te-dai-hoc-quoc-gia-ha-noi-QHQ.html,Hà Nội
KCN - Trường Đại Học Khoa Học Và Công Nghệ Hà Nội,https://diemthi.tuyensinh247.com/de-an-tuyen-sinh/dai-hoc-khoa-hoc-va-cong-nghe-ha-noi-KCN.html,Hà Nội
DCV - Trường Đại học Công nghiệp Vinh,https://diemthi.tuyensinh247.com/de-an-tuyen-sinh/dai-hoc-cong-nghiep-vinh-DCV.html,Nghệ An
DVT - Đại Học Trà Vinh,https://diemthi.tuyensinh247.com/de-an-tuyen-sinh/dai-hoc-tra-vinh-DVT.html,Trà Vinh
NLS - Trường Đại Học Nông Lâm TPHCM,https://diemthi.tuyensinh247.com/de-an-tuyen-sinh/dai-hoc-nong-lam-tphcm-NLS.html,Hồ Chí Minh
HVC - Học viện cán bộ TPHCM,https://diemthi.tuyensinh247.com/de-an-tuyen-sinh/hoc-vien-can-bo-tphcm-HVC.html,Hồ Chí Minh
XDA - Trường Đại Học Xây Dựng Hà Nội,https://diemthi.tuyensinh247.com/de-an-tuyen-sinh/dai-hoc-xay-dung-ha-noi-XDA.html,Hà Nội
SKH - Trường Đại Học Sư Phạm Kỹ Thuật Hưng Yên,https://diemthi.tuyensinh247.com/de-an-tuyen-sinh/dai-hoc-su-pham-ky-thuat-hung-yen-SKH.html,Hưng Yên
MBS - Trường Đại Học Mở TPHCM,https://diemthi.tuyensinh247.com/de-an-tuyen-sinh/dai-hoc-mo-tphcm-MBS.html,HCM - Hồ Chí Minh
FBU - Trường Đại Học Tài Chính Ngân Hàng Hà Nội,https://diemthi.tuyensinh247.com/de-an-tuyen-sinh/dai-hoc-tai-chinh-ngan-hang-ha-noi-FBU.html,Hà Nội
GTA - Trường Đại học Công nghệ Giao thông vận tải,https://diemthi.tuyensinh247.com/de-an-tuyen-sinh/dai-hoc-cong-nghe-giao-thong-van-tai-GTA.html,Hà Nội
MDA - Trường Đại Học Mỏ Địa Chất,https://diemthi.tuyensinh247.com/de-an-tuyen-sinh/dai-hoc-mo-dia-chat-MDA.html,Hà Nội
DDL - Trường Đại Học Điện Lực,https://diemthi.tuyensinh247.com/de-an-tuyen-sinh/dai-hoc-dien-luc-DDL.html,Hà Nội
TDS - Trường Đại Học Thể Dục Thể Thao TPHCM,https://diemthi.tuyensinh247.com/de-an-tuyen-sinh/dai-hoc-the-duc-the-thao-tphcm-TDS.html,HCM - Hồ Chí Minh
DPD - Trường Đại Học Phương Đông,https://diemthi.tuyensinh247.com/de-an-tuyen-sinh/dai-hoc-phuong-dong-DPD.html,Hà Nội
VLU - Trường Đại Học Sư Phạm Kỹ Thuật Vĩnh Long,https://diemthi.tuyensinh247.com/de-an-tuyen-sinh/dai-hoc-su-pham-ky-thuat-vinh-long-VLU.html,Vĩnh Long
KTD - Trường Đại Học Kiến Trúc Đà Nẵng,https://diemthi.tuyensinh247.com/de-an-tuyen-sinh/dai-hoc-kien-truc-da-nang-KTD.html,Đà Nẵng
DQK - Trường Đại Học Kinh Doanh và Công Nghệ Hà Nội,https://diemthi.tuyensinh247.com/de-an-tuyen-sinh/dai-hoc-kinh-doanh-va-cong-nghe-ha-noi-DQK.html,Hà Nội
DTK - Trường Đại Học Kỹ Thuật Công Nghiệp Thái Nguyên,https://diemthi.tuyensinh247.com/de-an-tuyen-sinh/dai-hoc-ky-thuat-cong-nghiep-thai-nguyen-DTK.html,Thái Nguyên
STS - Trường Đại Học Sư Phạm Thể Dục Thể Thao TPHCM,https://diemthi.tuyensinh247.com/de-an-tuyen-sinh/dai-hoc-su-pham-the-duc-the-thao-tphcm-STS.html,HCM - Hồ Chí Minh
UKH - Trường Đại học Khánh Hòa,https://diemthi.tuyensinh247.com/de-an-tuyen-sinh/dai-hoc-khanh-hoa-UKH.html,Khánh Hòa
DSK - Trường Đại học Sư phạm Kỹ thuật - Đại học Đà Nẵng,https://diemthi.tuyensinh247.com/de-an-tuyen-sinh/dai-hoc-su-pham-ky-thuat-dai-hoc-da-nang-DSK.html,Đà Nẵng
NHB - Học Viện Ngân Hàng (Phân Viện Bắc Ninh),https://diemthi.tuyensinh247.com/de-an-tuyen-sinh/hoc-vien-ngan-hang-phan-vien-bac-ninh-NHB.html,Bắc Ninh
DHI - Khoa Quốc tế - Đại học Huế,https://diemthi.tuyensinh247.com/de-an-tuyen-sinh/khoa-quoc-te-dai-hoc-hue-DHI.html,Huế
CMC - Trường Đại Học CMC,https://diemthi.tuyensinh247.com/de-an-tuyen-sinh/dai-hoc-cmc-CMC.html,Hà Nội
NTT - Trường Đại Học Nguyễn Tất Thành,https://diemthi.tuyensinh247.com/de-an-tuyen-sinh/dai-hoc-nguyen-tat-thanh-NTT.html,Hồ Chí Minh
DHK - Trường Đại Học Kinh Tế - Đại Học Huế,https://diemthi.tuyensinh247.com/de-an-tuyen-sinh/dai-hoc-kinh-te-dai-hoc-hue-DHK.html,Huế
DHD - Trường Du Lịch - Đại Học Huế,https://diemthi.tuyensinh247.com/de-an-tuyen-sinh/truong-du-lich-dai-hoc-hue-DHD.html,Huế
KGH - Trường Sĩ Quan Không Quân - Hệ Đại học,https://diemthi.tuyensinh247.com/de-an-tuyen-sinh/truong-si-quan-khong-quan-he-dai-hoc-KGH.html,Khánh Hòa
DTC - Trường Đại học Công Nghệ Thông Tin và Truyền Thông Thái Nguyên,https://diemthi.tuyensinh247.com/de-an-tuyen-sinh/dai-hoc-cong-nghe-thong-tin-va-truyen-thong-thai-nguyen-DTC.html,Thái Nguyên
HGH - Trường Sĩ Quan Phòng Hóa,https://diemthi.tuyensinh247.com/de-an-tuyen-sinh/truong-si-quan-phong-hoa-HGH.html,Hà Nội
TGH - Trường Sĩ Quan Tăng - Thiết Giáp,https://diemthi.tuyensinh247.com/de-an-tuyen-sinh/truong-siquan-tang-thiet-giap-TGH.html,Vĩnh Phúc
HVQ - Học Viện Quản Lý Giáo Dục,https://diemthi.tuyensinh247.com/de-an-tuyen-sinh/hoc-vien-quan-ly-giao-duc-HVQ.html,Hà Nội
DDT - Đại Học Duy Tân,https://diemthi.tuyensinh247.com/de-an-tuyen-sinh/dai-hoc-duy-tan-DDT.html,Đà Nẵng
DNC - Trường Đại học Nam Cần Thơ,https://diemthi.tuyensinh247.com/de-an-tuyen-sinh/dai-hoc-nam-can-tho-DNC.html,Cần Thơ
HIU - Trường Đại Học Quốc Tế Hồng Bàng,https://diemthi.tuyensinh247.com/de-an-tuyen-sinh/dai-hoc-quoc-te-hong-bang-HIU.html,HCM - Hồ Chí Minh
TTU - Trường Đại học Tân Tạo,https://diemthi.tuyensinh247.com/de-an-tuyen-sinh/dai-hoc-tan-tao-TTU.html,Long An
TTD - Trường Đại Học Thể Dục Thể Thao Đà Nẵng,https://diemthi.tuyensinh247.com/de-an-tuyen-sinh/dai-hoc-the-duc-the-thao-da-nang-TTD.html,Đà Nẵng
DCL - Trường Đại Học Cửu Long,https://diemthi.tuyensinh247.com/de-an-tuyen-sinh/dai-hoc-cuu-long-DCL.html,Vĩnh Long
DVL - Trường Đại Học Văn Lang,https://diemthi.tuyensinh247.com/de-an-tuyen-sinh/dai-hoc-van-lang-DVL.html,HCM - Hồ Chí Minh
DPC - Trường Đại Học Phan Châu Trinh,https://diemthi.tuyensinh247.com/de-an-tuyen-sinh/dai-hoc-phan-chau-trinh-DPC.html,Đà Nẵng
UKB - Trường Đại Học Kinh Bắc,https://diemthi.tuyensinh247.com/de-an-tuyen-sinh/dai-hoc-kinh-bac-UKB.html,Bắc Ninh
ETU - Trường Đại Học Hòa Bình,https://diemthi.tuyensinh247.com/de-an-tuyen-sinh/dai-hoc-hoa-binh-ETU.html,Hà Nội
DDN - Trường Đại Học Đại Nam,https://diemthi.tuyensinh247.com/de-an-tuyen-sinh/dai-hoc-dai-nam-DDN.html,Hà Nội
VTT - Trường Đại Học Võ Trường Toản,https://diemthi.tuyensinh247.com/de-an-tuyen-sinh/dai-hoc-vo-truong-toan-VTT.html,Hậu Giang
DAD - Trường Đại Học Đông Á,https://diemthi.tuyensinh247.com/de-an-tuyen-sinh/dai-hoc-dong-a-DAD.html,Đà Nẵng
SNH - Trường Sĩ Quan Công Binh - Hệ Quân sự - Đại học Ngô Quyền,https://diemthi.tuyensinh247.com/de-an-tuyen-sinh/truong-si-quan-cong-binh-he-quan-su-dai-hoc-ngo-quyen-SNH.html,Bình Dương
DCH - Trường Sĩ Quan Đặc Công,https://diemthi.tuyensinh247.com/de-an-tuyen-sinh/truong-si-quan-dac-cong-DCH.html,Hà Nội
HCB - Học viện Kỹ thuật và Công nghệ an ninh (Phía Bắc),https://diemthi.tuyensinh247.com/de-an-tuyen-sinh/hoc-vien-ky-thuat-cong-nghe-an-ninh-phia-bac-HCB.html,Bắc Ninh
HCN - Học viện Kỹ thuật và Công nghệ an ninh (Phía Nam),https://diemthi.tuyensinh247.com/de-an-tuyen-sinh/hoc-vien-ky-thuat-va-cong-nghe-an-ninh-phia-nam-HCN.html,Bắc Ninh
PBH - Trường Sĩ Quan Pháo Binh,https://diemthi.tuyensinh247.com/de-an-tuyen-sinh/truong-si-quan-phao-binh-PBH.html,Hà Nội
KSV - Đại học Kinh Tế TPHCM - Phân hiệu Vĩnh Long,https://diemthi.tuyensinh247.com/de-an-tuyen-sinh/dai-hoc-kinh-te-tphcm-phan-hieu-vinh-long-KSV.html,Vĩnh Long
QHD - Trường Quản Trị và Kinh Doanh - ĐHQG Hà Nội,https://diemthi.tuyensinh247.com/de-an-tuyen-sinh/truong-quan-tri-va-kinh-doanh-dh-quoc-gia-ha-noi-QHD.html,Hà Nội
VGU - Trường Đại Học Việt Đức,https://diemthi.tuyensinh247.com/de-an-tuyen-sinh/dai-hoc-viet-duc-VGU.html,"Hồ Chí Minh, Bình Dương"
TLS - Trường Đại Học Thủy Lợi (Cơ sở 2),https://diemthi.tuyensinh247.com/de-an-tuyen-sinh/dai-hoc-thuy-loi-co-so-2-TLS.html,HCM - Hồ Chí Minh
SDU - Trường Đại học Sao Đỏ,https://diemthi.tuyensinh247.com/de-an-tuyen-sinh/dai-hoc-sao-do-SDU.html,Hải Dương
PCS - Trường Đại Học Phòng Cháy Chữa Cháy (phía Nam),https://diemthi.tuyensinh247.com/de-an-tuyen-sinh/dai-hoc-phong-chay-chua-chay-phia-nam-PCS.html,Hồ Chí Minh
PCH - Trường Đại Học Phòng Cháy Chữa Cháy (Phía Bắc),https://diemthi.tuyensinh247.com/de-an-tuyen-sinh/dai-hoc-phong-chay-chua-chay-phia-bac-PCH.html,Hà Nội
NLN - Phân hiệu Đại học Nông Lâm TPHCM tại Ninh Thuận,https://diemthi.tuyensinh247.com/de-an-tuyen-sinh/phan-hieu-dai-hoc-nong-lam-tphcm-tai-ninh-thuan-NLN.html,Ninh Thuận
DTD - Trường Đại Học Tây Đô,https://diemthi.tuyensinh247.com/de-an-tuyen-sinh/dai-hoc-tay-do-DTD.html,Cần Thơ
DKC - Trường Đại học Công Nghệ TPHCM,https://diemthi.tuyensinh247.com/de-an-tuyen-sinh/dai-hoc-cong-nghe-tphcm-DKC.html,Hồ Chí Minh
DDU - Trường Đại Học Đông Đô,https://diemthi.tuyensinh247.com/de-an-tuyen-sinh/dai-hoc-dong-do-DDU.html,Hà Nội
DLH - Trường Đại Học Lạc Hồng,https://diemthi.tuyensinh247.com/de-an-tuyen-sinh/dai-hoc-lac-hong-DLH.html,Đồng Nai
DDB - Trường Đại Học Thành Đông,https://diemthi.tuyensinh247.com/de-an-tuyen-sinh/dai-hoc-thanh-dong-DDB.html,Hải Dương
DHA - Trường Đại học Luật Huế,https://diemthi.tuyensinh247.com/de-an-tuyen-sinh/dai-hoc-luat-dai-hoc-hue-DHA.html,Huế
DYD - Trường Đại Học Yersin Đà Lạt,https://diemthi.tuyensinh247.com/de-an-tuyen-sinh/dai-hoc-yersin-da-lat-DYD.html,Lâm Đồng
TDD - Trường Đại học Thành Đô,https://diemthi.tuyensinh247.com/de-an-tuyen-sinh/dai-hoc-thanh-do-TDD.html,Hà Nội
DBD - Trường Đại Học Bình Dương,https://diemthi.tuyensinh247.com/de-an-tuyen-sinh/dai-hoc-binh-duong-DBD.html,Bình Dương
DTV - Trường Đại Học Lương Thế Vinh,https://diemthi.tuyensinh247.com/de-an-tuyen-sinh/dai-hoc-luong-the-vinh-DTV.html,Nam Định
VJU - Trường Đại học Việt Nhật - ĐHQG Hà Nội,https://diemthi.tuyensinh247.com/de-an-tuyen-sinh/dai-hoc-viet-nhat-ha-noi-VJU.html,Hà Nội
BVU - Trường Đại Học Bà Rịa – Vũng Tàu,https://diemthi.tuyensinh247.com/de-an-tuyen-sinh/dai-hoc-ba-ria-vung-tau-BVU.html,Bà Rịa- Vũng Tàu
DHN - Trường Đại Học Nghệ Thuật Huế,https://diemthi.tuyensinh247.com/de-an-tuyen-sinh/dai-hoc-nghe-thuat-hue-DHN.html,Huế
MIT - Trường Đại học Công nghệ Miền Đông,https://diemthi.tuyensinh247.com/de-an-tuyen-sinh/dai-hoc-cong-nghe-mien-dong-MIT.html,Đồng Nai
FPT - Trường Đại Học FPT,https://diemthi.tuyensinh247.com/de-an-tuyen-sinh/dai-hoc-fpt-FPT.html,Hà Nội
DKB - Trường Đại Học Kinh Tế Kỹ Thuật Bình Dương,https://diemthi.tuyensinh247.com/de-an-tuyen-sinh/dai-hoc-kinh-te-ky-thuat-binh-duong-DKB.html,Bình Dương
UEF - Trường Đại Học Kinh Tế Tài Chính TPHCM,https://diemthi.tuyensinh247.com/de-an-tuyen-sinh/dai-hoc-kinh-te-tai-chinh-tphcm-UEF.html,Hồ Chí Minh
DFA - Trường Đại học Tài chính Quản trị kinh doanh,https://diemthi.tuyensinh247.com/de-an-tuyen-sinh/dai-hoc-tai-chinh-quan-tri-kinh-doanh-DFA.html,Hưng Yên
TTG - Trường Đại Học Tiền Giang,https://diemthi.tuyensinh247.com/de-an-tuyen-sinh/dai-hoc-tien-giang-TTG.html,Tiền Giang
DTE - Trường Đại học Kinh tế và Quản trị kinh doanh Thái Nguyên,https://diemthi.tuyensinh247.com/de-an-tuyen-sinh/dai-hoc-kinh-te-quan-tri-kinh-doanh-thai-nguyen-DTE.html,Thái Nguyên
PVU - Trường Đại Học Dầu Khí Việt Nam,https://diemthi.tuyensinh247.com/de-an-tuyen-sinh/dai-hoc-dau-khi-viet-nam-PVU.html,Bà Rịa- Vũng Tàu
DNT - Trường Đại Học Ngoại Ngữ Tin Học TPHCM,https://diemthi.tuyensinh247.com/de-an-tuyen-sinh/dai-hoc-ngoai-ngu-tin-hoc-tphcm-DNT.html,HCM - Hồ Chí Minh
SKV - Trường Đại Học Sư Phạm Kỹ Thuật Vinh,https://diemthi.tuyensinh247.com/de-an-tuyen-sinh/dai-hoc-su-pham-ky-thuat-vinh-SKV.html,Nghệ An
CEA - Trường Đại học Nghệ An,https://diemthi.tuyensinh247.com/de-an-tuyen-sinh/dai-hoc-nghe-an-CEA.html,Nghệ An
LNH - Trường Đại Học Lâm nghiệp,https://diemthi.tuyensinh247.com/de-an-tuyen-sinh/dai-hoc-lam-nghiep-LNH.html,Hà Nội
DVH - Trường Đại Học Văn Hiến,https://diemthi.tuyensinh247.com/de-an-tuyen-sinh/dai-hoc-van-hien-DVH.html,HCM - Hồ Chí Minh
DQT - Trường Đại Học Quang Trung,https://diemthi.tuyensinh247.com/de-an-tuyen-sinh/dai-hoc-quang-trung-DQT.html,Bình Định
HSU - Trường Đại Học Hoa Sen,https://diemthi.tuyensinh247.com/de-an-tuyen-sinh/dai-hoc-hoa-sen-HSU.html,Hồ Chí Minh
DPT - Trường Đại Học Phan Thiết,https://diemthi.tuyensinh247.com/de-an-tuyen-sinh/dai-hoc-phan-thiet-DPT.html,Bình Thuận
DCD - Trường Đại Học Công Nghệ Đồng Nai,https://diemthi.tuyensinh247.com/de-an-tuyen-sinh/dai-hoc-cong-nghe-dong-nai-DCD.html,Đồng Nai
EIU - Trường Đại Học Quốc Tế Miền Đông,https://diemthi.tuyensinh247.com/de-an-tuyen-sinh/dai-hoc-quoc-te-mien-dong-EIU.html,Bình Dương
DDV - Viện nghiên cứu và đào tạo Việt Anh - Đại học Đà Nẵng,https://diemthi.tuyensinh247.com/de-an-tuyen-sinh/vien-nghien-cuu-va-dao-tao-viet-anh-dai-hoc-da-nang-DDV.html,Đà Nẵng
TDB - Trường Đại Học Thể Dục Thể Thao Bắc Ninh,https://diemthi.tuyensinh247.com/de-an-tuyen-sinh/dai-hoc-the-duc-the-thao-bac-ninh-TDB.html,Bắc Ninh
DHE - Khoa Kỹ thuật và Công nghệ - Đại học Huế,https://diemthi.tuyensinh247.com/de-an-tuyen-sinh/khoa-ky-thuat-va-cong-nghe-dai-hoc-hue-DHE.html,Huế
DTB - Trường Đại Học Thái Bình,https://diemthi.tuyensinh247.com/de-an-tuyen-sinh/dai-hoc-thai-binh-DTB.html,Thái Bình
HVD - Học Viện Dân Tộc,https://diemthi.tuyensinh247.com/de-an-tuyen-sinh/hoc-vien-dan-toc-HVD.html,Hà Nội
DHT - Trường Đại Học Khoa Học Huế,https://diemthi.tuyensinh247.com/de-an-tuyen-sinh/dai-hoc-khoa-hoc-hue-DHT.html,Huế
DTZ - Trường Đại Học Khoa Học Thái Nguyên,https://diemthi.tuyensinh247.com/de-an-tuyen-sinh/dai-hoc-khoa-hoc-thai-nguyen-DTZ.html,Thái Nguyên
HDT - Trường Đại Học Hồng Đức,https://diemthi.tuyensinh247.com/de-an-tuyen-sinh/dai-hoc-hong-duc-HDT.html,Thanh Hóa
DNU - Trường Đại Học Đồng Nai,https://diemthi.tuyensinh247.com/de-an-tuyen-sinh/dai-hoc-dong-nai-DNU.html,Đồng Nai
LNS - Phân hiệu Đại Học Lâm nghiệp tại Đồng Nai,https://diemthi.tuyensinh247.com/de-an-tuyen-sinh/phan-hieu-dai-hoc-lam-nghiep-tai-dong-nai-LNS.html,Đồng Nai
DTM - Trường Đại học Tài Nguyên và Môi Trường TPHCM,https://diemthi.tuyensinh247.com/de-an-tuyen-sinh/dai-hoc-tai-nguyen-va-moi-truong-tphcm-DTM.html,HCM - Hồ Chí Minh
NTU - Trường Đại Học Nguyễn Trãi,https://diemthi.tuyensinh247.com/de-an-tuyen-sinh/dai-hoc-nguyen-trai-NTU.html,Hà Nội
CCM - Trường Đại học Công nghiệp và Thương mại Hà Nội,https://diemthi.tuyensinh247.com/de-an-tuyen-sinh/dai-hoc-cong-nghiep-va-thuong-mai-ha-noi-CCM.html,Hà Nội
VUI - Trường Đại Học Công Nghiệp Việt Trì,https://diemthi.tuyensinh247.com/de-an-tuyen-sinh/dai-hoc-cong-nghiep-viet-tri-VUI.html,Phú Thọ
DHL - Trường Đại Học Nông Lâm Huế,https://diemthi.tuyensinh247.com/de-an-tuyen-sinh/dai-hoc-nong-lam-hue-DHL.html,Huế
DTQ - Khoa Quốc Tế - Đại Học Thái Nguyên,https://diemthi.tuyensinh247.com/de-an-tuyen-sinh/khoa-quoc-te-dai-hoc-thai-nguyen-DTQ.html,Thái Nguyên
SIU - Trường Đại học Tư thục Quốc Tế Sài Gòn,https://diemthi.tuyensinh247.com/de-an-tuyen-sinh/dai-hoc-quoc-te-sai-gon-SIU.html,HCM - Hồ Chí Minh
DCA - Trường Đại học Intracom,https://diemthi.tuyensinh247.com/de-an-tuyen-sinh/dai-hoc-chu-van-an-DCA.html,Hưng Yên
DLA - Trường Đại Học Kinh Tế Công Nghiệp Long An,https://diemthi.tuyensinh247.com/de-an-tuyen-sinh/dai-hoc-kinh-te-cong-nghiep-long-an-DLA.html,Long An
DBH - Trường Đại Học Quốc Tế Bắc Hà,https://diemthi.tuyensinh247.com/de-an-tuyen-sinh/dai-hoc-quoc-te-bac-ha-DBH.html,Hà Nội
SKN - Trường Đại Học Sư Phạm Kỹ Thuật Nam Định,https://diemthi.tuyensinh247.com/de-an-tuyen-sinh/dai-hoc-su-pham-ky-thuat-nam-dinh-SKN.html,Nam Định
NLG - Phân hiệu Đại học Nông Lâm TPHCM tại Gia Lai,https://diemthi.tuyensinh247.com/de-an-tuyen-sinh/phan-hieu-dai-hoc-nong-lam-tphcm-tai-gia-lai-NLG.html,Gia Lai
DTN - Trường Đại Học Nông Lâm Thái Nguyên,https://diemthi.tuyensinh247.com/de-an-tuyen-sinh/dai-hoc-nong-lam-thai-nguyen-DTN.html,Thái Nguyên
UMT - Trường Đại học Quản lý và công nghệ TPHCM,https://diemthi.tuyensinh247.com/de-an-tuyen-sinh/dai-hoc-quan-ly-va-cong-nghe-tphcm-UMT.html,Hồ Chí Minh
DCQ - Trường Đại Học Công Nghệ và Quản Lý Hữu Nghị,https://diemthi.tuyensinh247.com/de-an-tuyen-sinh/dai-hoc-cong-nghe-va-quan-ly-huu-nghi-DCQ.html,Hà Nội
DHQ - Phân Hiệu Đại Học Huế tại Quảng Trị,https://diemthi.tuyensinh247.com/de-an-tuyen-sinh/phan-hieu-dai-hoc-hue-tai-quang-tri-DHQ.html,Huế
TBD - Trường Đại Học Thái Bình Dương,https://diemthi.tuyensinh247.com/de-an-tuyen-sinh/dai-hoc-thai-binh-duong-TBD.html,Khánh Hòa
DHV - Trường Đại học Hùng Vương TPHCM,https://diemthi.tuyensinh247.com/de-an-tuyen-sinh/dai-hoc-hung-vuong-tphcm-DHV.html,Hồ Chí Minh
DVB - Trường Đại Học Kinh tế công nghệ Thái Nguyên,https://diemthi.tuyensinh247.com/de-an-tuyen-sinh/dai-hoc-kinh-te-cong-nghe-thai-nguyen-DVB.html,Thái Nguyên
DPX - Trường Đại Học Phú Xuân,https://diemthi.tuyensinh247.com/de-an-tuyen-sinh/dai-hoc-phu-xuan-DPX.html,Huế
HPU - Trường Đại học Quản lý và Công nghệ Hải Phòng,https://diemthi.tuyensinh247.com/de-an-tuyen-sinh/dai-hoc-quan-ly-va-cong-nghe-hai-phong-HPU.html,Hải Phòng
MTU - Trường Đại Học Xây Dựng Miền Tây,https://diemthi.tuyensinh247.com/de-an-tuyen-sinh/dai-hoc-xay-dung-mien-tay-MTU.html,Vĩnh Long
VHD - Trường Đại Học Công Nghiệp Việt - Hung,https://diemthi.tuyensinh247.com/de-an-tuyen-sinh/dai-hoc-cong-nghiep-viet-hung-VHD.html,Hà Nội
LNA - Phân hiệu Đại học Lâm nghiệp tỉnh Gia Lai,https://diemthi.tuyensinh247.com/de-an-tuyen-sinh/phan-hieu-dai-hoc-lam-nghiep-tinh-gia-lai-LNA.html,"Gia Lai, Hồ Chí Minh"
NHP - Học Viện Ngân Hàng (Phân Viện Phú Yên),https://diemthi.tuyensinh247.com/de-an-tuyen-sinh/hoc-vien-ngan-hang-phan-vien-phu-yen-NHP.html,Phú Yên
UFA - Trường Đại học Tài Chính Kế Toán,https://diemthi.tuyensinh247.com/de-an-tuyen-sinh/-UFA.html,Quảng Ngãi
GDU - Trường Đại Học Gia Định,https://diemthi.tuyensinh247.com/de-an-tuyen-sinh/dai-hoc-gia-dinh-GDU.html,Hồ Chí Minh
DDM - Trường Đại Học Công Nghiệp Quảng Ninh,https://diemthi.tuyensinh247.com/de-an-tuyen-sinh/dai-hoc-cong-nghiep-quang-ninh-DDM.html,Quảng Ninh
XDT - Trường Đại Học Xây Dựng Miền Trung,https://diemthi.tuyensinh247.com/de-an-tuyen-sinh/dai-hoc-xay-dung-mien-trung-XDT.html,Phú Yên
DSG - Trường Đại Học Công Nghệ Sài Gòn,https://diemthi.tuyensinh247.com/de-an-tuyen-sinh/dai-hoc-cong-nghe-sai-gon-DSG.html,HCM - Hồ Chí Minh
XDN - Phân hiệu Đại học Xây dựng miền Trung tại Đà Nẵng,https://diemthi.tuyensinh247.com/de-an-tuyen-sinh/phan-hieu-dai-hoc-xay-dung-mien-trung-tai-da-nang-XDN.html,Đà Nẵng
DBG - Trường Đại học Nông Lâm Bắc Giang,https://diemthi.tuyensinh247.com/de-an-tuyen-sinh/dai-hoc-nong-lam-bac-giang-DBG.html,Bắc Giang
TTB - Trường Đại Học Tây Bắc,https://diemthi.tuyensinh247.com/de-an-tuyen-sinh/dai-hoc-tay-bac-TTB.html,Sơn La
TDL - Trường Đại Học Đà Lạt,https://diemthi.tuyensinh247.com/de-an-tuyen-sinh/dai-hoc-da-lat-TDL.html,Lâm Đồng
TQU - Trường Đại học Tân Trào,https://diemthi.tuyensinh247.com/de-an-tuyen-sinh/dai-hoc-tan-trao-TQU.html,Tuyên Quang
TKG - Trường Đại học Kiên Giang,https://diemthi.tuyensinh247.com/de-an-tuyen-sinh/dai-hoc-kien-giang-TKG.html,Kiên Giang
"DVD - Trường Đại Học Văn Hóa, Thể Thao Và Du Lịch Thanh Hóa",https://diemthi.tuyensinh247.com/de-an-tuyen-sinh/dai-hoc-van-hoa-the-thao-va-du-lich-thanh-hoa-DVD.html,Thanh Hóa
DNB - Trường Đại Học Hoa Lư,https://diemthi.tuyensinh247.com/de-an-tuyen-sinh/dai-hoc-hoa-lu-DNB.html,Ninh Bình
HVA - Học Viện Âm Nhạc Huế,https://diemthi.tuyensinh247.com/de-an-tuyen-sinh/hoc-vien-am-nhac-hue-HVA.html,Huế
NVH - Học Viện Âm Nhạc Quốc Gia Việt Nam,https://diemthi.tuyensinh247.com/de-an-tuyen-sinh/hoc-vien-am-nhac-quoc-gia-viet-nam-NVH.html,Hà Nội
NVS - Nhạc Viện TPHCM,https://diemthi.tuyensinh247.com/de-an-tuyen-sinh/nhac-vien-tphcm-NVS.html,Hồ Chí Minh
DVX - Trường Đại Học Công Nghệ Vạn Xuân,https://diemthi.tuyensinh247.com/de-an-tuyen-sinh/dai-hoc-cong-nghe-van-xuan-DVX.html,Nghệ An
DHH - Trường Đại Học Hà Hoa Tiên,https://diemthi.tuyensinh247.com/de-an-tuyen-sinh/dai-hoc-ha-hoa-tien-DHH.html,Hà Nam
MTC - Trường Đại Học Mỹ Thuật Công Nghiệp,https://diemthi.tuyensinh247.com/de-an-tuyen-sinh/dai-hoc-my-thuat-cong-nghiep-MTC.html,Hà Nội
MTS - Trường Đại Học Mỹ Thuật TPHCM,https://diemthi.tuyensinh247.com/de-an-tuyen-sinh/dai-hoc-my-thuat-tphcm-MTS.html,Hồ Chí Minh
MTH - Trường Đại Học Mỹ Thuật Việt Nam,https://diemthi.tuyensinh247.com/de-an-tuyen-sinh/dai-hoc-my-thuat-viet-nam-MTH.html,Hà Nội
YHT - Phân hiệu Đại học Y Hà Nội tại Thanh Hóa,https://diemthi.tuyensinh247.com/de-an-tuyen-sinh/phan-hieu-dai-hoc-y-ha-noi-tai-thanh-hoa-YHT.html,Thanh Hóa
RMU - Trường Đại Học Quốc Tế RMIT Việt Nam,https://diemthi.tuyensinh247.com/de-an-tuyen-sinh/dai-hoc-quoc-te-rmit-viet-nam-RMU.html,"Hồ Chí Minh, Hà Nội"
RHM - Trường Đại Học Răng – Hàm – Mặt,https://diemthi.tuyensinh247.com/de-an-tuyen-sinh/dai-hoc-rang-ham-mat-RHM.html,Hà Nội
SKD - Trường Đại Học Sân Khấu Điện Ảnh Hà Nội,https://diemthi.tuyensinh247.com/de-an-tuyen-sinh/dai-hoc-san-khau-dien-anh-ha-noi-SKD.html,Hà Nội
CIV - Học viện Công giáo Việt Nam,https://diemthi.tuyensinh247.com/de-an-tuyen-sinh/hoc-vien-cong-giao-viet-nam-CIV.html,Hồ Chí Minh
ZNH - Trường Đại học Văn hóa Nghệ thuật Quân đội,https://diemthi.tuyensinh247.com/de-an-tuyen-sinh/dai-hoc-van-hoa-nghe-thuat-quan-doi-ZNH.html,Hà Nội
LCDF - Học viện Thiết kế và Thời trang London Hà Nội,https://diemthi.tuyensinh247.com/de-an-tuyen-sinh/hoc-vien-thiet-ke-va-thoi-trang-london-ha-noi-LCDF.html,Hà Nội
DNV - Trường Đại học Nội vụ Hà Nội,https://diemthi.tuyensinh247.com/de-an-tuyen-sinh/dai-hoc-noi-vu-ha-noi-DNV.html,Hà Nội
VPH - Trường Sĩ Quan Kĩ Thuật Quân Sự -  Hệ Quân sự - Đại Học Trần Đại Nghĩa,https://diemthi.tuyensinh247.com/de-an-tuyen-sinh/truong-si-quan-ki-thuat-quan-su-he-quan-su-dai-hoc-tran-dai-nghia-VPH.html,Hồ Chí Minh
DSD - Trường Đại Học Sân Khấu Điện Ảnh TPHCM,https://diemthi.tuyensinh247.com/de-an-tuyen-sinh/dai-hoc-san-khau-dien-anh-tphcm-DSD.html,HCM - Hồ Chí Minh
DDA - Trường Đại Học Công Nghệ Đông Á,https://diemthi.tuyensinh247.com/de-an-tuyen-sinh/dai-hoc-cong-nghe-dong-a-DDA.html,Bắc Ninh
BMU - Trường Đại học Y Dược Buôn Ma Thuột,https://diemthi.tuyensinh247.com/de-an-tuyen-sinh/dai-hoc-y-duoc-buon-ma-thuot-BMU.html,Đắk Lắk
DDG - Khoa Giáo dục thể chất Đà Nẵng,https://diemthi.tuyensinh247.com/de-an-tuyen-sinh/khoa-giao-duc-the-chat-da-nang-DDG.html,Đà Nẵng
VKU - Trường Đại học Công nghệ Thông tin và Truyền thông Việt Hàn - Đại học Đà Nẵng,https://diemthi.tuyensinh247.com/de-an-tuyen-sinh/dai-hoc-cong-nghe-thong-tin-va-truyen-thong-viet-han-dai-hoc-da-nang-VKU.html,Đà Nẵng
DQH - Học Viện Kỹ Thuật Quân Sự - Hệ Dân sự,https://diemthi.tuyensinh247.com/de-an-tuyen-sinh/hoc-vien-ky-thuat-quan-su-he-dan-su-DQH.html,Hà Nội
DNH - Học Viện Khoa Học Quân Sự - Hệ Dân sự,https://diemthi.tuyensinh247.com/de-an-tuyen-sinh/hoc-vien-khoa-hoc-quan-su-he-dan-su-DNH.html,Hà Nội
DYH - Học Viện Quân Y - Hệ Dân sự,https://diemthi.tuyensinh247.com/de-an-tuyen-sinh/hoc-vien-quan-y-he-dan-su-DYH.html,Hà Nội
TCU - Trường Sĩ Quan Thông Tin - Hệ Dân Sự - Đại Học Thông Tin Liên Lạc,https://diemthi.tuyensinh247.com/de-an-tuyen-sinh/truong-si-quan-thong-tin-he-dan-su-dai-hoc-thong-tin-lien-lac-TCU.html,Khánh Hòa
